metric,img1_mean,img2_mean,p_value,cohens_d
area,3390.6,8119.631578947368,0.27659256677604116,-0.08374476028193532
perimeter,613.8846534621018,1099.6182218523384,0.8773408152858987,-0.05891183166486734
eccentricity,0.8443254807086967,0.8582160954648032,0.4036865593442983,-0.10233474575172137
solidity,0.7657775135549661,0.7175171965556266,0.00010585768978266262,0.392897672602654
mean_intensity,158.36277083629366,144.46276335188534,3.4752939381920275e-24,1.4989405773027529
