metric,n1,n2,mean1,mean2,median1,median2,sd1,sd2,ks_p,u_p,cohen_d,name1,name2
area,500,220,157.18043693896809,229.3774925980359,73.12812608104602,118.74140590820068,396.946940298038,351.66227963674737,2.0410386716971088e-06,2.2882568689285086e-08,-0.18815949216845654,Sample_A,Sample_B
eccentricity,500,220,0.7990228435845278,0.7977072960520228,0.8124870593013677,0.8209945630786672,0.11183792174107257,0.12010305939056366,0.40738540439423615,0.8857153361411523,0.011497310269758991,Sample_A,Sample_B
solidity,500,220,0.7090706218607418,0.7007748302861688,0.7279706267257461,0.723264997725791,0.15294575479587533,0.15793844472069904,0.7436845659683342,0.5130669909574781,0.05369941488583081,Sample_A,Sample_B
mean_intensity,500,220,139.76900185479948,160.3652403011582,139.3679648052023,160.82179576696194,11.74508202645121,12.112639088944206,1.0740501884713443e-54,1.6828429739877198e-62,-1.7368480664803236,Sample_A,Sample_B
